{"baseline value": -0.7423728259076583, "accelerations": 0.7301328159429707, "fetal_movement": -0.20320955423320786, "uterine_contractions": 0.5546266735483474, "light_decelerations": -0.6384375492921535, "severe_decelerations": -0.05747560370484534, "prolongued_decelerations": -0.2687543030278473, "abnormal_short_term_variability": -1.279330782806864, "mean_value_of_short_term_variability": 0.0761187672862799, "percentage_of_time_with_abnormal_long_term_variability": -0.5353612763559414, "mean_value_of_long_term_variability": -0.3354638805931508, "histogram_width": -0.5763262535517378, "histogram_min": 0.4541126185100724, "histogram_max": -0.5030891141821456, "histogram_number_of_peaks": -0.7013968475226328, "histogram_number_of_zeroes": -0.45844381526053474, "histogram_mode": -0.27183879820397894, "histogram_mean": 0.02498175540780714, "histogram_median": -0.2136673350758419, "histogram_variance": -0.3385506610036335, "histogram_tendency": -0.5245255284858598}